modelVariant,steps,iter,weight
prior only noise,5000,0,-446.7424563449402
prior only noise,5000,1,-446.7092887086323
prior only noise,5000,2,-446.745133546028
